Education_Sector,Entity_Type,School_No,School_Name,School_Type,Address_Line_1,Address_Town,Address_State,Address_Postcode,LGA_Name,longitude,latitude,score
Government,1,776,Bright P-12 College,Pri/Sec,46 Bakers Gully Road,Bright,VIC,3741,Alpine (S),146.960928,-36.733105,28
Government,1,932,Bannockburn P-12 College,Pri/Sec,139 Milton Street,Bannockburn,VIC,3331,Golden Plains (S),144.160668,-38.042004,25
Government,1,1549,Murtoa P-12 College,Pri/Sec,Webb Street,Murtoa,VIC,3390,Yarriambiack (S),142.475745,-36.623495,24
Government,1,3515,Mallacoota P-12 College,Pri/Sec,25 Bucknall Street,Mallacoota,VIC,3892,East Gippsland (S),149.754296,-37.559427,31
Government,1,3920,Cann River P-12 College,Pri/Sec,20-24 Tamboon Road,Cann River,VIC,3890,East Gippsland (S),149.153022,-37.5697,30
Government,1,5375,Derrinallum P-12 College,Pri/Sec,Campbell Street,Derrinallum,VIC,3325,Corangamite (S),143.216741,-37.939591,31
Government,1,5376,Mortlake P-12 College,Pri/Sec,10 Hood Avenue,Mortlake,VIC,3272,Moyne (S),142.80955,-38.086366,31
Government,1,5403,Tyrrell College,Pri/Sec,10 Sutcliff Street,Sea Lake,VIC,3533,Buloke (S),142.853519,-35.509276,28
Government,1,5432,Edenhope College,Pri/Sec,40-48 Lake Street,Edenhope,VIC,3318,West Wimmera (S),141.2985627,-37.03342876,27
Government,1,5433,Murrayville Community College,Pri/Sec,20 Francis Street,Murrayville,VIC,3512,Mildura (RC),141.1773365,-35.26557452,21
Government,1,5434,Hawkesdale P12 College,Pri/Sec,65 Mitchell Street,Hawkesdale,VIC,3287,Moyne (S),142.319173,-38.106976,21
Government,1,5435,Carwatha College P-12,Pri/Sec,43-81 Browns Road,Noble Park,VIC,3174,Greater Dandenong (C),145.188726,-37.942845,27
Government,1,5552,Hazel Glen College,Pri/Sec,115 Eminence Blvd,Doreen,VIC,3754,Whittlesea (C),145.119368,-37.597553,27
Government,1,6203,Apollo Bay P-12 College,Pri/Sec,Pengilley Avenue,Apollo Bay,VIC,3233,Colac-Otway (S),143.660507,-38.753524,30
Government,1,6212,Collingwood College,Pri/Sec,Cnr Cromwell St/McCutcheon Way,Collingwood,VIC,3066,Yarra (C),144.990497,-37.802985,27
Government,1,6217,East Loddon P-12 College,Pri/Sec,Dingee Road,Dingee,VIC,3571,Loddon (S),144.141446,-36.372222,33
Government,1,6223,Goroke P-12 College,Pri/Sec,55 Natimuk-Frances Road,Goroke,VIC,3412,West Wimmera (S),141.48354,-36.715786,32
Government,1,6231,Lavers Hill K-12 College,Pri/Sec,Great Ocean Road,Lavers Hill,VIC,3238,Colac-Otway (S),143.383051,-38.681844,23
Government,1,6235,Manangatang P-12 College,Pri/Sec,4105 Mallee Highway,Manangatang,VIC,3546,Swan Hill (RC),142.884879,-35.056234,27
Government,1,6236,Terang College,Pri/Sec,45 Strong Street,Terang,VIC,3264,Corangamite (S),142.921395,-38.246282,29
Government,1,6238,Rushworth P-12 College,Pri/Sec,45 Heily Street,Rushworth,VIC,3612,Campaspe (S),145.014399,-36.583317,27
Government,1,6242,Macleod College,Pri/Sec,Carwarp Street,Macleod,VIC,3085,Banyule (C),145.072218,-37.724746,27
Government,1,6252,Sherbrooke Community School,Pri/Sec,311 Mt Dandenong Tourist Road,Sassafras,VIC,3787,Yarra Ranges (S),145.349444,-37.868244,30
Government,1,6259,Camperdown College,Pri/Sec,1 Wilson Street,Camperdown,VIC,3260,Corangamite (S),143.145435,-38.239731,27
Government,1,6260,Timboon P-12 School,Pri/Sec,Bailey Street,Timboon,VIC,3268,Corangamite (S),142.975889,-38.484056,26
Government,1,6261,Virtual School Victoria,Pri/Sec,315 Clarendon Street,Thornbury,VIC,3071,Darebin (C),145.025701,-37.76204,28
Government,1,6262,Wedderburn College,Pri/Sec,15-29 Hospital Street,Wedderburn,VIC,3518,Loddon (S),143.61877,-36.417022,26
Government,1,7028,Mount Erin Secondary College,Secondary,Robinsons Road,Frankston South,VIC,3199,Frankston (C),145.14663,-38.174118,26
Government,1,7050,Box Hill Senior Secondary College,Pri/Sec,Dunloe Avenue,Mont Albert North,VIC,3129,Whitehorse (C),145.111907,-37.809243,25
Government,1,7088,Cobden Technical School,Secondary,Mckenzie Street,Cobden,VIC,3266,Corangamite (S),143.0636059,-38.32403633,22
Government,1,7108,Lyndhurst Secondary College,Secondary,950 South Gippsland Highway,Cranbourne,VIC,3977,Casey (C),145.271028,-38.075386,28
Government,1,7115,Daylesford Secondary College,Secondary,39 Smith Street,Daylesford,VIC,3460,Hepburn (S),144.151851,-37.33466597,26
Government,1,7122,Dromana Secondary College,Secondary,110 Harrisons Road,Dromana,VIC,3936,Mornington Peninsula (S),145.013582,-38.342636,31
Government,1,7183,Grovedale College,Secondary,19 Wingarra Drive,Grovedale,VIC,3216,Greater Geelong (C),144.327441,-38.210399,26
Government,1,7219,Lilydale Heights College,Secondary,17-19 Nelson Road,Lilydale,VIC,3140,Yarra Ranges (S),145.3414068,-37.7458221,25
Government,1,7247,Staughton College,Secondary,Wilson Road,Melton South,VIC,3338,Melton (C),144.568689,-37.708365,25
Government,1,7255,Bentleigh Secondary College,Secondary,Vivien St,Bentleigh East,VIC,3165,Glen Eira (C),145.059798,-37.927357,28
Government,1,7267,Mount Clear College,Secondary,59 Olympic Avenue,Mount Clear,VIC,3353,Ballarat (C),143.876673,-37.607965,28
Government,1,7275,Rosehill Secondary College,Secondary,Sapphire Street,Niddrie,VIC,3042,Moonee Valley (C),144.886183,-37.746679,28
Government,1,7300,Northern College of the Arts and Technology,Secondary,62 Murray Road,Preston,VIC,3072,Darebin (C),145.025372,-37.740069,29
Government,1,7366,Swinburne Senior Secondary College,Secondary,505 Burwood Road,Hawthorn,VIC,3122,Boroondara (C),145.040821,-37.823135,28
Government,1,7384,Victorian College Of The Arts Secondary School,Secondary,57 Miles Street,Southbank,VIC,3006,Melbourne (C),144.964767,-37.828229,32
Government,1,7395,Brauer Secondary College,Secondary,Caramut Road,Warrnambool,VIC,3280,Warrnambool (C),142.458924,-38.358714,28
Government,1,7402,Wyndham Central Secondary College,Secondary,101 Shaws Road,Werribee,VIC,3030,Wyndham (C),144.65385,-37.888932,26
Government,1,7408,Whittlesea Secondary College,Secondary,55 Laurel Street,Whittlesea,VIC,3757,Whittlesea (C),145.1201751,-37.5150463,23
Government,1,7505,Alexandra Secondary College,Secondary,Downey Street,Alexandra,VIC,3714,Murrindindi (S),145.701477,-37.19449,26
Government,1,7526,Auburn High School,Secondary,26 Burgess Street,Hawthorn East,VIC,3123,Boroondara (C),145.045067,-37.83988,31
Government,1,7540,Ballarat High School,Secondary,Sturt Street West,Ballarat,VIC,3350,Ballarat (C),143.818213,-37.554522,29
Government,1,7550,Balwyn High School,Secondary,Buchanan Avenue,Balwyn North,VIC,3104,Boroondara (C),145.0767724,-37.79785922,32
Government,1,7560,Bayswater Secondary College,Secondary,14 Orchard Road,Bayswater,VIC,3153,Knox (C),145.261998,-37.83903,25
Government,1,7565,Beaufort Secondary College,Secondary,1/37 Park Road,Beaufort,VIC,3373,Pyrenees (S),143.382486,-37.438844,27
Government,1,7566,Beaumaris Secondary College,Secondary,117 - 136 Reserve Road,Beaumaris,VIC,3193,Bayside (C),145.034078,-37.978396,31
Government,1,7575,Beechworth Secondary College,Secondary,85 Balaclava Road,Beechworth,VIC,3747,Indigo (S),146.690764,-36.34722,25
Government,1,7585,Belmont High School,Secondary,Rotherham Street,Belmont,VIC,3216,Greater Geelong (C),144.330562,-38.175654,28
Government,1,7595,Bendigo Senior Secondary College,Secondary,40 Gaol Road,Bendigo,VIC,3550,Greater Bendigo (C),144.279278,-36.755301,26
Government,1,7603,Berwick Secondary College,Secondary,Manuka Road,Berwick,VIC,3806,Casey (C),145.365438,-38.031398,29
Government,1,7610,Blackburn High School,Secondary,60 Springfield Road,Blackburn,VIC,3130,Whitehorse (C),145.149893,-37.81037,29
Government,1,7635,Box Hill High School,Secondary,1180 Whitehorse Road,Box Hill,VIC,3128,Whitehorse (C),145.137208,-37.820003,32
Government,1,7645,Braybrook College,Secondary,352 Ballarat Road,Braybrook,VIC,3019,Maribyrnong (C),144.847537,-37.778257,31
Government,1,7647,Brentwood Secondary College,Secondary,65-71 Watsons Road,Glen Waverley,VIC,3150,Monash (C),145.1663432,-37.89950842,29
Government,1,7650,Brighton Secondary College,Secondary,120 Marriage Road,Brighton East,VIC,3187,Bayside (C),145.019119,-37.920156,31
Government,1,7655,Broadford Secondary College,Secondary,2-12 Pinniger Street,Broadford,VIC,3658,Mitchell (S),145.040033,-37.204375,23
Government,1,7670,Buckley Park College,Secondary,59-99 Cooper Street,Essendon,VIC,3040,Moonee Valley (C),144.897755,-37.747117,29
Government,1,7680,Camberwell High School,Secondary,Prospect Hill Road,Canterbury,VIC,3126,Boroondara (C),145.072821,-37.830151,30
Government,1,7690,Canterbury Girls Secondary College,Secondary,16 Mangarra Road,Canterbury,VIC,3126,Boroondara (C),145.069102,-37.820289,32
Government,1,7695,Casterton Secondary College,Secondary,27 Mt Gambier Road,Casterton,VIC,3311,Glenelg (S),141.387493,-37.588796,32
Government,1,7720,Cheltenham Secondary College,Secondary,73-75 Bernard Street,Cheltenham,VIC,3192,Kingston (C),145.068676,-37.953762,29
Government,1,7725,Cobram Secondary College,Secondary,25-47 Warkil Street,Cobram,VIC,3644,Moira (S),145.654121,-35.913605,24
Government,1,7735,Cohuna Secondary College,Secondary,6415 Murray Valley Highway,Cohuna,VIC,3568,Gannawarra (S),144.226425,-35.813503,28
Government,1,7747,Cranbourne Secondary College,Secondary,Stawell Street,Cranbourne,VIC,3977,Casey (C),145.286136,-38.107591,26
Government,1,7763,Mount Alexander 7-12 College,Secondary,167-175 Mt Alexander Road,Flemington,VIC,3031,Moonee Valley (C),144.933235,-37.782154,29
Government,1,7770,Dimboola Memorial Secondary College,Secondary,66 Ellerman Street,Dimboola,VIC,3414,Hindmarsh (S),142.034409,-36.449839,29
Government,1,7773,East Doncaster Secondary College,Secondary,20 George Street,Doncaster East,VIC,3109,Manningham (C),145.158557,-37.782127,34
Government,1,7775,Donald High School,Secondary,2-16 Camp Street,Donald,VIC,3480,Buloke (S),142.973962,-36.370779,30
Government,1,7776,Doncaster Secondary College,Secondary,123 Church Road,Doncaster,VIC,3108,Manningham (C),145.138053,-37.784581,30
Government,1,7785,Drouin Secondary College,Secondary,South Road,Drouin,VIC,3818,Baw Baw (S),145.850978,-38.144659,27
Government,1,7805,Eltham High School,Secondary,30-60 Withers Way,Eltham,VIC,3095,Nillumbik (S),145.141725,-37.724436,30
Government,1,7810,Elwood College,Secondary,101 Glenhuntly Road,Elwood,VIC,3184,Port Phillip (C),144.985203,-37.88232,31
Government,1,7813,Epping Secondary College,Secondary,Mcdonalds Road,Epping,VIC,3076,Whittlesea (C),145.033426,-37.644001,27
Government,1,7820,Euroa Secondary College,Secondary,26 Campbell St,Euroa,VIC,3666,Strathbogie (S),145.5648,-36.758203,26
Government,1,7823,Fairhills High School,Secondary,Scoresby Road,Knoxfield,VIC,3180,Knox (C),145.259037,-37.87321,24
Government,1,7845,Foster Secondary College,Secondary,2 - 10 Pioneer Street,Foster,VIC,3960,South Gippsland (S),146.197413,-38.651737,30
Government,1,7850,Frankston High School,Secondary,97 Foot Street,Frankston,VIC,3199,Frankston (C),145.129071,-38.160474,31
Government,1,7855,Geelong High School,Secondary,385 Ryrie Street,East Geelong,VIC,3219,Greater Geelong (C),144.373726,-38.153026,27
Government,1,7856,North Geelong Secondary College,Secondary,86-132 Separation Street,North Geelong,VIC,3215,Greater Geelong (C),144.340792,-38.109956,28
Government,1,7857,Gisborne Secondary College,Secondary,95 Melton Road,Gisborne,VIC,3437,Macedon Ranges (S),144.5847741,-37.49811364,27
Government,1,7858,Gladstone Park Secondary College,Secondary,14 - 36 Taylor Drive,Gladstone Park,VIC,3043,Hume (C),144.890003,-37.689766,27
Government,1,7874,Bundoora Secondary College,Secondary,53 Balmoral Avenue,Bundoora,VIC,3083,Banyule (C),145.061977,-37.707501,29
Government,1,7893,Western Port Secondary College,Secondary,215 High Street,Hastings,VIC,3915,Mornington Peninsula (S),145.176383,-38.308172,22
Government,1,7900,Healesville High School,Secondary,10 Camerons Road,Healesville,VIC,3777,Yarra Ranges (S),145.530807,-37.643586,25
Government,1,7918,Highvale Secondary College,Secondary,Capital Avenue,Glen Waverley,VIC,3150,Monash (C),145.17682,-37.865409,31
Government,1,7945,Kerang Technical High School,Secondary,Murray St,Kerang,VIC,3579,Gannawarra (S),143.913802,-35.725651,28
Government,1,7950,Kew High School,Secondary,1393 Burke Road,Kew East,VIC,3102,Boroondara (C),145.063358,-37.795546,30
Government,1,7954,Koonung Secondary College,Secondary,615 Elgar Road,Mont Albert North,VIC,3129,Whitehorse (C),145.117561,-37.80219,31
Government,1,7955,Koo Wee Rup Secondary College,Secondary,Rossiter Road,Koo Wee Rup,VIC,3981,Cardinia (S),145.495779,-38.197091,28
Government,1,7960,Korumburra Secondary College,Secondary,125 Jumbunna Road,Korumburra,VIC,3950,South Gippsland (S),145.8039,-38.44387,25
Government,1,7965,Kyabram P-12 College,Pri/Sec,57 Fischer Street,Kyabram,VIC,3620,Campaspe (S),145.056207,-36.317476,28
Government,1,7970,Kyneton Secondary College,Secondary,1-9 Epping Street,Kyneton,VIC,3444,Macedon Ranges (S),144.4581707,-37.25132966,26
Government,1,7985,Lalor Secondary College,Secondary,118 David Street,Lalor,VIC,3075,Whittlesea (C),145.0306228,-37.67265939,27
Government,1,7986,Lalor North Secondary College,Secondary,114 Childs Road,Epping,VIC,3076,Whittlesea (C),145.034124,-37.660767,23
Government,1,7995,Lilydale High School,Secondary,25 Melba Avenue,Lilydale,VIC,3140,Yarra Ranges (S),145.343917,-37.760697,28
Government,1,8000,Lyndale Secondary College,Secondary,170-174 Gladstone Road,Dandenong North,VIC,3175,Greater Dandenong (C),145.206712,-37.958765,27
Government,1,8005,Maffra Secondary College,Secondary,Bill Cane Court,Maffra,VIC,3860,Wellington (S),146.982424,-37.964888,27
Government,1,8010,Mansfield Secondary College,Secondary,15 View Street,Mansfield,VIC,3722,Mansfield (S),146.088565,-37.062676,31
Government,1,8015,Maribyrnong Secondary College,Secondary,River Street,Maribyrnong,VIC,3032,Maribyrnong (C),144.888238,-37.779521,28
Government,1,8022,Matthew Flinders Girls Secondary College,Secondary,2 Little Ryrie Street,Geelong,VIC,3220,Greater Geelong (C),144.353208,-38.149587,28
Government,1,8025,Melbourne High School,Secondary,Forrest Hill,South Yarra,VIC,3141,Stonnington (C),144.995314,-37.836829,36
Government,1,8027,Melton Secondary College,Secondary,Coburns Road,Melton,VIC,3337,Melton (C),144.568216,-37.681753,27
Government,1,8030,Mentone Girls Secondary College,Secondary,Cnr Balcombe & Charman Rds,Mentone,VIC,3194,Kingston (C),145.053504,-37.980182,30
Government,1,8045,Mildura Senior College,Secondary,307-339 Deakin Avenue,Mildura,VIC,3500,Mildura (RC),142.1453901,-34.19800387,27
Government,1,8050,Mirboo North Secondary College,Secondary,Castle Street,Mirboo North,VIC,3871,South Gippsland (S),146.148821,-38.40018,24
Government,1,8065,Monbulk College,Secondary,146-148 David Hill Road,Monbulk,VIC,3793,Yarra Ranges (S),145.4278068,-37.88317535,25
Government,1,8068,Montmorency Secondary College,Secondary,Para Road,Montmorency,VIC,3094,Banyule (C),145.113611,-37.714075,28
Government,1,8071,Mooroolbark College,Secondary,186 Manchester Road,Mooroolbark,VIC,3138,Yarra Ranges (S),145.3142304,-37.77508326,29
Government,1,8075,Mordialloc College,Secondary,1 Station Street,Mordialloc,VIC,3195,Kingston (C),145.092675,-38.012243,30
Government,1,8100,Mount Beauty Secondary College,Secondary,Tailrace Road,Mount Beauty,VIC,3699,Alpine (S),147.167284,-36.740307,27
Government,1,8102,Mount Eliza Secondary College,Secondary,204 Canadian Bay Road,Mount Eliza,VIC,3930,Mornington Peninsula (S),145.093544,-38.189704,29
Government,1,8105,Mount Waverley Secondary College,Secondary,9 Lechte Road,Mount Waverley,VIC,3149,Monash (C),145.132311,-37.869086,30
Government,1,8125,McKinnon Secondary College,Secondary,291a Mckinnon Road,Mckinnon,VIC,3204,Glen Eira (C),145.048545,-37.912204,33
Government,1,8135,MacRobertson Girls High School,Secondary,350-370 Kings Way,Melbourne,VIC,3004,Port Phillip (C),144.971862,-37.835886,36
Government,1,8140,Nathalia Secondary College,Secondary,41 Chapel Street,Nathalia,VIC,3638,Moira (S),145.208438,-36.059901,31
Government,1,8145,Neerim District Secondary College,Secondary,20 Neerim East Road,Neerim South,VIC,3831,Baw Baw (S),145.95668,-38.016936,23
Government,1,8151,Newcomb Secondary College,Secondary,81 - 85 Bellarine Highway,Newcomb,VIC,3219,Greater Geelong (C),144.395201,-38.171133,25
Government,1,8180,Northcote High School,Secondary,St Georges Road,Northcote,VIC,3070,Darebin (C),144.989706,-37.774156,31
Government,1,8185,Norwood Secondary College,Secondary,Byron Street,Ringwood,VIC,3134,Maroondah (C),145.237605,-37.799752,28
Government,1,8190,Numurkah Secondary College,Secondary,104 Tocumwal Road,Numurkah,VIC,3636,Moira (S),145.446271,-36.079948,26
Government,1,8210,Oberon High School,Secondary,12 Pickett Crescent,Belmont,VIC,3216,Greater Geelong (C),144.337409,-38.18665,30
Government,1,8215,Orbost Secondary College,Secondary,20 Arnold Street,Orbost,VIC,3888,East Gippsland (S),148.466353,-37.704106,26
Government,1,8220,Ouyen P-12 College,Pri/Sec,1-35 Fuller Street,Ouyen,VIC,3490,Mildura (RC),142.322608,-35.064571,31
Government,1,8223,Pakenham Secondary College,Secondary,1020 Princes Highway,Pakenham,VIC,3810,Cardinia (S),145.471002,-38.068997,28
Government,1,8225,Parkdale Secondary College,Secondary,Warren Road,Mordialloc,VIC,3195,Kingston (C),145.093501,-37.990301,30
Government,1,8227,Pascoe Vale Girls Secondary College,Secondary,Lake Avenue,Pascoe Vale,VIC,3044,Moreland (C),144.935499,-37.717564,28
Government,1,8245,Princes Hill Secondary College,Secondary,Arnold Street,Princes Hill,VIC,3054,Yarra (C),144.96503,-37.783481,32
Government,1,8250,Bellarine Secondary College,Secondary,Peninsula Drive,Drysdale,VIC,3222,Greater Geelong (C),144.557527,-38.190662,29
Government,1,8256,Rainbow P-12 College,Pri/Sec,17 Albert Street,Rainbow,VIC,3424,Hindmarsh (S),141.9966997,-35.89446757,23
Government,1,8260,Red Cliffs Secondary College,Secondary,55 Fitzroy Avenue,Red Cliffs,VIC,3496,Mildura (RC),142.195452,-34.298804,20
Government,1,8270,Ringwood Secondary College,Secondary,Bedford Road,Ringwood,VIC,3134,Maroondah (C),145.239147,-37.816606,30
Government,1,8271,Richmond High School,Secondary,4 Griffiths Street,Richmond,VIC,3121,Yarra (C),145.002804,-37.817408,29
Government,1,8276,Robinvale College,Pri/Sec,88 George Street,Robinvale,VIC,3549,Swan Hill (RC),142.7815451,-34.58888676,25
Government,1,8280,Rochester Secondary College,Secondary,Edward Street,Rochester,VIC,3561,Campaspe (S),144.6986963,-36.35277863,29
Government,1,8290,Rosebud Secondary College,Secondary,245 Eastbourne Road,Rosebud,VIC,3939,Mornington Peninsula (S),144.887447,-38.367615,28
Government,1,8300,Rutherglen High School,Secondary,40 Sheridans Bridge Road,Rutherglen,VIC,3685,Indigo (S),146.452103,-36.062564,23
Government,1,8307,Scoresby Secondary College,Secondary,Cavell Street,Scoresby,VIC,3179,Knox (C),145.2362,-37.888642,27
Government,1,8320,Greater Shepparton Secondary College,Secondary,31-71 Hawdon Street,Shepparton,VIC,3630,Greater Shepparton (C),145.415396,-36.372067,25
Government,1,8330,St Albans Secondary College,Secondary,289 Main Road East,St Albans,VIC,3021,Brimbank (C),144.808411,-37.745532,31
Government,1,8335,St Arnaud Secondary College,Secondary,Smith Street,St Arnaud,VIC,3478,Northern Grampians (S),143.250936,-36.609547,25
Government,1,8345,Strathmore Secondary College,Secondary,400 Pascoe Vale Road,Strathmore,VIC,3041,Moonee Valley (C),144.926643,-37.73695,31
Government,1,8350,Sunbury College,Secondary,30 Racecourse Road,Sunbury,VIC,3429,Hume (C),144.728672,-37.574279,28
Government,1,8368,Sydney Road Community School,Secondary,350 Sydney Road,Brunswick,VIC,3056,Moreland (C),144.961878,-37.769691,23
Government,1,8370,Tallangatta Secondary College,Secondary,145 Towong Street,Tallangatta,VIC,3700,Towong (S),147.172667,-36.220441,25
Government,1,8383,Thomastown Secondary College,Secondary,80-96 Main Street,Thomastown,VIC,3074,Whittlesea (C),145.0019385,-37.67871605,24
Government,1,8395,Trafalgar High School,Secondary,School Road,Trafalgar,VIC,3824,Baw Baw (S),146.158302,-38.214568,28
Government,1,8405,University High School,Secondary,77 Story Street,Parkville,VIC,3052,Melbourne (C),144.95538,-37.796982,32
Government,1,8407,Roxburgh College,Secondary,60-70 Donald Cameron Drive,Roxburgh Park,VIC,3064,Hume (C),144.930331,-37.63041,24
Government,1,8410,Upper Yarra Secondary College,Secondary,81-89 Little Yarra Road,Yarra Junction,VIC,3797,Yarra Ranges (S),145.623933,-37.79209352,26
Government,1,8415,Upwey High School,Secondary,1451 Burwood Highway,Upwey,VIC,3158,Yarra Ranges (S),145.335475,-37.904357,26
Government,1,8420,Vermont Secondary College,Secondary,27 - 63 Morack Road,Vermont,VIC,3133,Whitehorse (C),145.199701,-37.844117,31
Government,1,8421,Kambrya College,Secondary,68 Bemersyde Drive,Berwick,VIC,3806,Casey (C),145.34741,-38.05368819,30
Government,1,8423,Carrum Downs Secondary College,Secondary,263 McCormicks Road,Carrum Downs,VIC,3201,Frankston (C),145.197658,-38.095291,24
Government,1,8425,Wangaratta High School,Secondary,17-49 Edwards Street,Wangaratta,VIC,3677,Wangaratta (RC),146.307723,-36.344898,25
Government,1,8428,Wantirna College,Secondary,90 Harold Street,Wantirna,VIC,3152,Knox (C),145.229974,-37.857598,27
Government,1,8430,Warracknabeal Secondary College,Secondary,1 Tregear Street,Warracknabeal,VIC,3393,Yarriambiack (S),142.389405,-36.26275,30
Government,1,8437,Warrandyte High School,Secondary,241-247 Heidelberg-Warrandyte Rd,Warrandyte,VIC,3113,Manningham (C),145.184222,-37.748269,23
Government,1,8462,Wellington Secondary College,Secondary,91 Police Road,Mulgrave,VIC,3170,Monash (C),145.169378,-37.934467,28
Government,1,8465,Werribee Secondary College,Secondary,45 Duncans Road,Werribee,VIC,3030,Wyndham (C),144.668744,-37.905536,28
Government,1,8466,Bairnsdale Secondary College,Secondary,90 Mckean Street,Bairnsdale,VIC,3875,East Gippsland (S),147.6049997,-37.82871098,26
Government,1,8470,Westall Secondary College,Secondary,88-128 Rosebank Avenue,Clayton South,VIC,3169,Kingston (C),145.136577,-37.940312,26
Government,1,8474,Wheelers Hill Secondary College,Secondary,2-28 Raphael Drive,Wheelers Hill,VIC,3150,Monash (C),145.181743,-37.910126,28
Government,1,8475,Williamstown High School,Secondary,76 Pasco Street,Williamstown,VIC,3016,Hobsons Bay (C),144.895024,-37.862855,32
Government,1,8480,Wodonga Senior Secondary College,Secondary,80 Brockley Street,Wodonga,VIC,3690,Wodonga (C),146.8810522,-36.12560893,22
Government,1,8490,Yarram Secondary College,Secondary,86 James Street,Yarram,VIC,3971,Wellington (S),146.68546,-38.566575,25
Government,1,8491,Woodmans Hill Secondary College,Secondary,1 Fussell Street,Ballarat East,VIC,3350,Ballarat (C),143.892275,-37.559122,29
Government,1,8500,Yea High School,Secondary,67 Racecourse Rd,Yea,VIC,3717,Murrindindi (S),145.408536,-37.215011,25
Government,1,8704,Glen Eira College,Secondary,76 Booran Road,Caulfield East,VIC,3145,Glen Eira (C),145.038006,-37.8857,31
Government,1,8705,Craigieburn Secondary College,Secondary,102 Hothlyn Drive,Craigieburn,VIC,3064,Hume (C),144.9355817,-37.60861754,22
Government,1,8707,Emerald Secondary College,Secondary,425 Belgrave-gembrook Rd,Emerald,VIC,3782,Cardinia (S),145.4587437,-37.92427055,29
Government,1,8708,Reservoir High School,Secondary,855 Plenty Road,Reservoir,VIC,3073,Darebin (C),145.029772,-37.722259,27
Government,1,8709,Hampton Park Secondary College,Secondary,58 - 96 Fordholm Road,Hampton Park,VIC,3976,Casey (C),145.259884,-38.034862,27
Government,1,8710,Hoppers Crossing Secondary College,Secondary,2 Fraser Street,Hoppers Crossing,VIC,3029,Wyndham (C),144.695358,-37.871223,28
Government,1,8715,Keilor Downs Secondary College,Secondary,100-110 Odessa Avenue,Keilor Downs,VIC,3038,Brimbank (C),144.811186,-37.715515,29
Government,1,8716,Kurnai College,Secondary,Bridle Road,Morwell,VIC,3840,Latrobe (C),146.432788,-38.228791,27
Government,1,8718,Kurunjang Secondary College,Secondary,Kurunjang Drive,Melton,VIC,3337,Melton (C),144.585957,-37.672914,24
Government,1,8720,Lakes Entrance Secondary College,Secondary,1-11 North Street,Lakes Entrance,VIC,3909,East Gippsland (S),147.998412,-37.871343,28
Government,1,8722,Elisabeth Murdoch College,Secondary,80 Warrandyte Road,Langwarrin,VIC,3910,Frankston (C),145.19018,-38.159291,29
Government,1,8723,Sunbury Downs Secondary College,Secondary,148-174 Mitchells Lane,Sunbury,VIC,3429,Hume (C),144.704485,-37.584007,29
Government,1,8724,Forest Hill College,Secondary,178-180 Mahoneys Road,Burwood East,VIC,3151,Whitehorse (C),145.163728,-37.848519,27
Government,1,8725,Patterson River Secondary College,Secondary,78 - 98 Eel Race Road,Seaford,VIC,3198,Frankston (C),145.134741,-38.083504,25
Government,1,8730,St Helena Secondary College,Secondary,Wallowa Road,Eltham North,VIC,3095,Banyule (C),145.1399078,-37.68686717,29
Government,1,8731,Stawell Secondary College,Secondary,79-97 Patrick Street,Stawell,VIC,3380,Northern Grampians (S),142.789787,-37.061954,25
Government,1,8734,Rowville Secondary College,Secondary,17 Paratea Drive,Rowville,VIC,3178,Knox (C),145.2370885,-37.92388682,26
Government,1,8739,Sandringham College,Secondary,11 Holloway Road,Sandringham,VIC,3191,Bayside (C),145.023034,-37.956709,30
Government,1,8742,Fitzroy High School,Secondary,Falconer Street,Fitzroy North,VIC,3068,Yarra (C),144.987476,-37.784911,30
Government,1,8743,Ashwood High School,Secondary,50 Vannam Drive,Ashwood,VIC,3147,Monash (C),145.103328,-37.864527,30
Government,1,8744,Mullauna Secondary College,Secondary,456 Springfield Road,Mitcham,VIC,3132,Whitehorse (C),145.190155,-37.807109,30
Government,1,8745,Leongatha Secondary College,Secondary,115 Nerrena Road,Leongatha,VIC,3953,South Gippsland (S),145.9612411,-38.47868659,27
Government,1,8746,Diamond Valley College,Secondary,165-179 Main Hurstbridge Road,Diamond Creek,VIC,3089,Nillumbik (S),145.167403,-37.672828,25
Government,1,8750,Greensborough Secondary College,Secondary,Nell Street,Greensborough,VIC,3088,Banyule (C),145.091251,-37.708486,28
Government,1,8753,Ararat Secondary College,Secondary,4-30 Barkly Street,Ararat,VIC,3377,Ararat (RC),142.9219615,-37.28599961,25
Government,1,8775,Mill Park Secondary College,Secondary,9 - 25 Moorhead Drive,Mill Park,VIC,3082,Whittlesea (C),145.063414,-37.664155,25
Government,1,8777,Bacchus Marsh College,Secondary,73 Grant Street,Bacchus Marsh,VIC,3340,Moorabool (S),144.4330584,-37.68562875,24
Government,1,8783,The Grange P-12 College,Pri/Sec,30 Deloraine Drive,Hoppers Crossing,VIC,3029,Wyndham (C),144.6749381,-37.8581346,22
Government,1,8784,Springside West Secondary College,Secondary,70 City Vista Court,Fraser Rise,VIC,3336,Melton (C),144.726887,-37.715977,30
Government,1,8787,Taylors Lakes Secondary College,Secondary,1-39 Parmelia Drive,Taylors Lakes,VIC,3038,Brimbank (C),144.794402,-37.70741,26
Government,1,8790,Sunshine College,Secondary,Graham Street,Sunshine,VIC,3020,Brimbank (C),144.829156,-37.790365,26
Government,1,8791,Wallan Secondary College,Secondary,100 Duke Street,Wallan,VIC,3756,Mitchell (S),144.981473,-37.418393,22
Government,1,8797,Thornbury High School,Secondary,238 Collins Street,Thornbury,VIC,3071,Darebin (C),145.0252135,-37.75649469,31
Government,1,8798,Portland Secondary College,Secondary,Must Street,Portland,VIC,3305,Glenelg (S),141.5948243,-38.3588185,26
Government,1,8799,Copperfield College,Secondary,Goldsmith Avenue,Delahey,VIC,3037,Brimbank (C),144.772426,-37.719463,28
Government,1,8800,Bayside P-12 College,Pri/Sec,29-69 Kororoit Creek Road,Williamstown,VIC,3016,Hobsons Bay (C),144.8852138,-37.85770007,29
Government,1,8801,South Oakleigh Secondary College,Secondary,Bakers Road,Oakleigh South,VIC,3167,Monash (C),145.089768,-37.92232068,30
Government,1,8802,Swan Hill College,Secondary,10 - 32 Pye Street,Swan Hill,VIC,3585,Swan Hill (RC),143.5528519,-35.33522773,28
Government,1,8803,Traralgon College,Secondary,154-184 Grey Street,Traralgon,VIC,3844,Latrobe (C),146.5194895,-38.19142459,27
Government,1,8804,Mornington Secondary College,Secondary,1051 Nepean Highway,Mornington,VIC,3931,Mornington Peninsula (S),145.057762,-38.216712,28
Government,1,8806,Essendon Keilor College,Secondary,Quinn Grove,Keilor East,VIC,3033,Moonee Valley (C),144.8697108,-37.73970794,26
Government,1,8807,Brunswick Secondary College,Secondary,47 Dawson Street,Brunswick,VIC,3056,Moreland (C),144.95501,-37.770899,30
Government,1,8808,Glen Waverley Secondary College,Secondary,13-21 O'Sullivan Road,Glen Waverley,VIC,3150,Monash (C),145.162106,-37.878098,33
Government,1,8809,Monterey Secondary College,Secondary,Silvertop Street,Frankston North,VIC,3200,Frankston (C),145.147724,-38.126124,24
Government,1,8811,Warrnambool College,Secondary,Grafton Road,Warrnambool,VIC,3280,Warrnambool (C),142.4996761,-38.37671595,27
Government,1,8812,Viewbank College,Secondary,Warren Road,Rosanna,VIC,3084,Banyule (C),145.08659,-37.741196,29
Government,1,8813,Noble Park Secondary College,Secondary,3 Callaghan Street,Noble Park,VIC,3174,Greater Dandenong (C),145.182369,-37.970209,26
Government,1,8814,Baimbridge College,Secondary,59 Mt Baimbridge Rd,Hamilton,VIC,3300,Southern Grampians (S),142.014634,-37.733311,25
Government,1,8815,Yarra Hills Secondary College,Secondary,16 Reay Road,Mooroolbark,VIC,3138,Yarra Ranges (S),145.316184,-37.78934,26
Government,1,8816,Heathmont College,Secondary,Waters Grove,Heathmont,VIC,3135,Maroondah (C),145.2321036,-37.83842619,26
Government,1,8818,Horsham College,Secondary,310 Baillie Street,Horsham,VIC,3402,Horsham (RC),142.184101,-36.711661,32
Government,1,8819,Melbourne Girls College,Secondary,Yarra Boulevard,Richmond,VIC,3121,Yarra (C),145.014334,-37.822507,32
Government,1,8820,Western Heights Secondary College,Secondary,37-61 Vines Road,Hamlyn Heights,VIC,3215,Greater Geelong (C),144.328058,-38.12391,21
Government,1,8821,Lowanna College,Secondary,72-96 Newark Avenue,Newborough,VIC,3825,Latrobe (C),146.2859798,-38.17667934,26
Government,1,8823,Templestowe College,Secondary,7 Cypress Avenue,Templestowe Lower,VIC,3107,Manningham (C),145.122306,-37.767428,29
Government,1,8824,Castlemaine Secondary College,Secondary,Etty Street,Castlemaine,VIC,3450,Mount Alexander (S),144.214549,-37.077088,26
Government,1,8827,Warragul Regional College,Secondary,55 Burke Street,Warragul,VIC,3820,Baw Baw (S),145.9254852,-38.16519591,27
Government,1,8828,Mount Rowan Secondary College,Secondary,Cnr Forest St And Giot Dve,Wendouree,VIC,3355,Ballarat (C),143.834472,-37.51922,26
Government,1,8830,Charlton College,Pri/Sec,33 - 49 Davies Street,Charlton,VIC,3525,Buloke (S),143.359633,-36.270312,31
Government,1,8831,Wycheproof P-12 College,Pri/Sec,McKenzie Crescent,Wycheproof,VIC,3527,Buloke (S),143.229098,-36.075704,34
Government,1,8832,Birchip P-12 School,Pri/Sec,43-47 Campbell Street,Birchip,VIC,3483,Buloke (S),142.9099365,-35.98438249,27
Government,1,8833,Nhill College,Pri/Sec,Whitehead Avenue,Nhill,VIC,3418,Hindmarsh (S),141.65886,-36.33260253,29
Government,1,8834,Sale College,Secondary,73-81 Macalister Street,Sale,VIC,3850,Wellington (S),147.068006,-38.108921,24
Government,1,8835,McClelland Secondary College,Secondary,31 Belar Avenue,Frankston,VIC,3199,Frankston (C),145.158453,-38.14632,30
Government,1,8836,Footscray City College,Secondary,1 Kinnear Street,Footscray,VIC,3011,Maribyrnong (C),144.8940131,-37.79107126,29
Government,1,8839,Narre Warren South P-12 College,Pri/Sec,Amberly Park Drive,Narre Warren South,VIC,3805,Casey (C),145.285075,-38.049734,30
Government,1,8841,Lara Secondary College,Secondary,34 Alkara Avenue,Lara,VIC,3212,Greater Geelong (C),144.41157,-38.018176,25
Government,1,8842,Kaniva P-12 College,Pri/Sec,2 Farmers Street,Kaniva,VIC,3419,West Wimmera (S),141.2448451,-36.38271876,28
Government,1,8843,Corryong College,Pri/Sec,27-45 Towong Road,Corryong,VIC,3707,Towong (S),147.910757,-36.192938,34
Government,1,8845,Maryborough Education Centre,Pri/Sec,102 - 192 Balaclava Road,Maryborough,VIC,3465,Central Goldfields (S),143.722865,-37.042159,26
Government,1,8846,The Lakes South Morang P-9 School,Pri/Sec,80 Jardier Terrace,South Morang,VIC,3752,Whittlesea (C),145.075679,-37.634935,23
Government,1,8847,Point Cook Senior Secondary College,Secondary,Cnr Boardwalk Blvd & Bergamot,Point Cook,VIC,3030,Wyndham (C),144.73282,-37.886718,27
Government,1,8848,Manor Lakes P-12 College,Pri/Sec,2-50 Minindee Road,Wyndham Vale,VIC,3024,Wyndham (C),144.601853,-37.873507,24
Government,1,8849,Coburg High School,Secondary,101 Urquhart Street,Coburg,VIC,3058,Moreland (C),144.9728,-37.7407,28
Government,1,8853,Mount Ridley P-12 College,Pri/Sec,2-30 Hampton Street,Craigieburn,VIC,3064,Hume (C),144.9234217,-37.58027078,23
Government,1,8854,Tarneit Senior College,Secondary,861 Leakes Road,Tarneit,VIC,3029,Wyndham (C),144.6804061,-37.83335386,24
Government,1,8855,Echuca College,Secondary,20 - 50 Butcher Street,Echuca,VIC,3564,Campaspe (S),144.732423,-36.132394,26
Government,1,8856,John Monash Science School,Secondary,"39 Innovation Walk, Monash University",Clayton,VIC,3800,Monash (C),145.128686,-37.914221,35
Government,1,8857,Altona College,Pri/Sec,103 A Grieve Parade,Altona,VIC,3018,Hobsons Bay (C),144.818639,-37.861911,24
Government,1,8858,Dandenong High School,Secondary,92-106 Princes Highway,Dandenong,VIC,3175,Greater Dandenong (C),145.209011,-37.979418,25
Government,1,8861,Laverton P-12 College,Pri/Sec,91 Bladin Street,Laverton,VIC,3028,Hobsons Bay (C),144.7726329,-37.85617409,22
Government,1,8862,Hume Central Secondary College,Secondary,60-78 Tanderrum Way,Broadmeadows,VIC,3047,Hume (C),144.915355,-37.680442,27
Government,1,8864,Colac Secondary College,Secondary,173 Queen Street,Colac,VIC,3250,Colac-Otway (S),143.5901021,-38.35149548,23
Government,1,8865,Nossal High School,Secondary,100 Clyde Road,Berwick,VIC,3806,Casey (C),145.336563,-38.038502,36
Government,1,8866,Suzanne Cory High School,Secondary,225 Hoppers Lane,Werribee,VIC,3030,Wyndham (C),144.700748,-37.893852,34
Government,1,8868,Hallam Senior Secondary College,Secondary,74-84 Frawley Road,Hallam,VIC,3803,Casey (C),145.261185,-38.000196,25
Government,1,8869,Gleneagles Secondary College,Secondary,58 Reema Boulevard,Endeavour Hills,VIC,3802,Casey (C),145.276556,-37.974606,27
Government,1,8870,Fountain Gate Secondary College,Secondary,45 Josephine Avenue,Narre Warren,VIC,3805,Casey (C),145.2950967,-38.00620519,25
Government,1,8873,Myrtleford P-12 College,Pri/Sec,Prince Street,Myrtleford,VIC,3737,Alpine (S),146.7261447,-36.54888702,29
Government,1,8874,Alkira Secondary College,Secondary,15 Nurture Avenue,Cranbourne North,VIC,3977,Casey (C),145.308716,-38.073127,29
Government,1,8875,Somerville Secondary College,Secondary,37 Graf Road,Somerville,VIC,3912,Mornington Peninsula (S),145.168595,-38.227257,28
Government,1,8882,Boort District P-12 School,Pri/Sec,9 - 27 Malone Street,Boort,VIC,3537,Loddon (S),143.726948,-36.110217,30
Government,1,8883,Yarrawonga College P-12,Pri/Sec,2-24 Pinniger Street,Yarrawonga,VIC,3730,Moira (S),146.0066682,-36.02144074,25
Government,1,8884,Seymour College,Pri/Sec,29-47 Stewart Street,Seymour,VIC,3660,Mitchell (S),145.1411167,-37.02984234,25
Government,1,8889,Albert Park College,Secondary,83 Danks Street,Albert Park,VIC,3206,Port Phillip (C),144.947363,-37.844792,32
Government,1,8890,Charles La Trobe P-12 College - Macloed West,Pri/Sec,235 Kingsbury Drive,Macleod West,VIC,3085,Darebin (C),145.05865,-37.728966,24
Government,1,8891,Victoria University Secondary College,Secondary,5A Jamieson Street,St Albans,VIC,3021,Brimbank (C),144.785626,-37.740102,28
Government,1,8892,Swifts Creek P-12 School,Pri/Sec,6840 Great Alpine Road,Swifts Creek,VIC,3896,East Gippsland (S),147.7240342,-37.26684449,29
Government,1,8893,Glenroy Secondary College,Secondary,120 Glenroy Road,Glenroy,VIC,3046,Moreland (C),144.9249952,-37.70470214,21
Government,1,8894,John Fawkner Secondary College,Secondary,51 Jukes Road,Fawkner,VIC,3060,Moreland (C),144.9718587,-37.70271075,18
Government,1,8895,William Ruthven Secondary College,Secondary,60 Merrilands Road,Reservoir,VIC,3073,Darebin (C),145.002774,-37.696666,27
Government,1,8897,Mernda Central P-12 College,Pri/Sec,70 Breadalbane Avenue,Mernda,VIC,3754,Whittlesea (C),145.08833,-37.604853,25
Government,1,8898,Cranbourne East Secondary College,Secondary,50 Stately Drive,Cranbourne East,VIC,3977,Casey (C),145.306027,-38.10494,33
Government,1,8900,Phoenix P-12 Community College,Pri/Sec,53 - 71 Hertford Street,Sebastopol,VIC,3356,Ballarat (C),143.8335059,-37.58661037,28
Government,1,8901,Northern Bay P-12 College,Pri/Sec,3-25 Goldsworthy Road,Corio,VIC,3214,Greater Geelong (C),144.355709,-38.078406,26
Government,1,8903,Surf Coast Secondary College,Secondary,75 White Street,Torquay,VIC,3228,Surf Coast (S),144.3238552,-38.30419186,29
Government,1,8904,Hopetoun P-12 College,Pri/Sec,1 Dodgshun Street,Hopetoun,VIC,3396,Yarriambiack (S),142.3660296,-35.73486974,28
Government,1,8907,Officer Secondary College,Secondary,1 Parker Street,Officer,VIC,3809,Cardinia (S),145.410967,-38.072015,24
Government,1,8910,Lakeview Senior College,Secondary,College Street,Caroline Springs,VIC,3023,Melton (C),144.740281,-37.731016,26
Government,1,8912,Melba Secondary College,Secondary,Brentnall Road,Croydon,VIC,3136,Maroondah (C),145.262016,-37.795523,27
Government,1,8913,Boronia K-12 College,Pri/Sec,35-37 Albert Avenue,Boronia,VIC,3155,Knox (C),145.293268,-37.8583,21
Government,1,8915,Benalla P-12 College,Pri/Sec,20 Faithfull Street,Benalla,VIC,3672,Benalla (RC),145.963847,-36.553372,23
Independent,2,1,Wesley College - Melbourne,Pri/Sec,577 St Kilda Road,MELBOURNE,VIC,3004,Melbourne (C),144.982144,-37.84883,32
Independent,2,5,Korowa Anglican Girls' School,Pri/Sec,10 - 16 Ranfurlie Crescent,GLEN IRIS,VIC,3146,Stonnington (C),145.054637,-37.861454,36
Catholic,2,20,Parade College,Secondary,1436 Plenty Road,BUNDOORA,VIC,3083,Banyule (C),145.066978,-37.690178,30
Catholic,2,25,Simonds Catholic College,Secondary,273 Victoria Street,WEST MELBOURNE,VIC,3003,Melbourne (C),144.952883,-37.805971,29
Catholic,2,28,St Patrick's College Ballarat,Secondary,1431 Sturt Street,BALLARAT,VIC,3350,Ballarat (C),143.831558,-37.559711,29
Catholic,2,33,Emmanuel College - Warrnambool,Secondary,37 Ardlie Street,WARRNAMBOOL,VIC,3280,Warrnambool (C),142.477358,-38.370986,29
Catholic,2,35,Loreto College,Secondary,1600 Sturt Street,BALLARAT,VIC,3350,Ballarat (C),143.8234695,-37.55686069,31
Independent,2,83,Ruyton Girls' School,Pri/Sec,12 Selbourne Road,KEW,VIC,3101,Boroondara (C),145.039181,-37.811111,36
Independent,2,96,Caulfield Grammar School - St Kilda East,Pri/Sec,217 Glen Eira Road,ST KILDA EAST,VIC,3183,Glen Eira (C),145.004887,-37.877377,34
Catholic,2,111,Assumption College,Secondary,Sutherland Street,KILMORE,VIC,3764,Mitchell (S),144.947629,-37.301013,27
Catholic,2,130,Catherine McAuley College,Secondary,164 Barkly Street,BENDIGO,VIC,3550,Greater Bendigo (C),144.273362,-36.753444,29
Independent,2,131,Highview College,Secondary,21 Kars Street,MARYBOROUGH,VIC,3465,Central Goldfields (S),143.736415,-37.053543,27
Catholic,2,149,Sacre Coeur,Pri/Sec,172 Burke Road,GLEN IRIS,VIC,3146,Stonnington (C),145.051572,-37.861753,36
Catholic,2,219,Sacred Heart College Geelong,Secondary,Retreat Road,NEWTOWN,VIC,3220,Greater Geelong (C),144.3401453,-38.14949635,31
Catholic,2,236,St Joseph's College - Mildura,Secondary,154 Twelfth Street,MILDURA,VIC,3500,Mildura (RC),142.153461,-34.188725,28
Catholic,2,250,Star of the Sea College,Secondary,80 Martin Street,BRIGHTON,VIC,3186,Bayside (C),144.99678,-37.896734,34
Independent,2,259,Methodist Ladies' College,Pri/Sec,207 Barkers Road,KEW,VIC,3101,Boroondara (C),145.038491,-37.813951,34
Catholic,2,265,Damascus College,Secondary,1412 Geelong Road,MOUNT CLEAR,VIC,3350,Ballarat (C),143.870347,-37.611456,28
Independent,2,278,Ballarat Clarendon College,Pri/Sec,1425 Sturt Street,BALLARAT,VIC,3350,Ballarat (C),143.8336504,-37.55964761,38
Catholic,2,286,Sacred Heart College Kyneton,Secondary,94 High Street,KYNETON,VIC,3444,Macedon Ranges (S),144.458821,-37.252887,30
Catholic,2,384,FCJ College,Secondary,Arundel Streets,BENALLA,VIC,3672,Benalla (RC),145.975389,-36.552769,29
Independent,2,385,Fintona Girls' School,Pri/Sec,79 Balwyn Road,BALWYN,VIC,3103,Boroondara (C),145.080326,-37.815158,36
Independent,2,391,Lauriston Girls' School,Pri/Sec,38 Huntingtower Road,ARMADALE,VIC,3143,Stonnington (C),145.025089,-37.852317,36
Catholic,2,404,Xavier College,Pri/Sec,135 Barkers Road,KEW,VIC,3101,Boroondara (C),145.031105,-37.813858,33
Catholic,2,411,Marian College Ararat,Secondary,304 Barkly Street,ARARAT,VIC,3377,Ararat (RC),142.937766,-37.284744,29
Independent,2,450,Geelong Grammar School,Pri/Sec,50 Biddlecombe Avenue,CORIO,VIC,3214,Greater Geelong (C),144.399071,-38.068817,32
Independent,2,457,Trinity Grammar School Kew,Pri/Sec,40 Charles Street,KEW,VIC,3101,Boroondara (C),145.0355016,-37.81020316,35
Catholic,2,467,Academy of Mary Immaculate,Secondary,88 Nicholson Street,FITZROY,VIC,3065,Yarra (C),144.974409,-37.803711,32
Catholic,2,474,Mount Lilydale Mercy College,Secondary,120 Anderson Street,LILYDALE,VIC,3140,Yarra Ranges (S),145.3577545,-37.75075881,29
Catholic,2,495,Trinity College Colac Inc,Secondary,119 Hart Street,COLAC,VIC,3250,Colac-Otway (S),143.576934,-38.352034,28
Catholic,2,500,Kilbreda College,Secondary,118 Mentone Parade,MENTONE,VIC,3194,Kingston (C),145.065712,-37.984153,31
Catholic,2,501,Padua College,Secondary,62 Oakbank Road,MORNINGTON,VIC,3931,Mornington Peninsula (S),145.0720043,-38.21825666,29
Independent,2,509,Melbourne Girls Grammar,Pri/Sec,86 Anderson Street,SOUTH YARRA,VIC,3141,Melbourne (C),144.984803,-37.831692,34
Independent,2,510,The Geelong College,Pri/Sec,Talbot Street,NEWTOWN,VIC,3220,Greater Geelong (C),144.3400898,-38.15241839,32
Catholic,2,515,Notre Dame College,Secondary,139 Knight Street,SHEPPARTON,VIC,3630,Greater Shepparton (C),145.4076363,-36.37470646,28
Catholic,2,518,Sacred Heart College,Secondary,Piper Street,YARRAWONGA,VIC,3730,Moira (S),146.0092056,-36.00865887,30
Independent,2,545,Bayview College,Secondary,119 Bentinck St,PORTLAND,VIC,3305,Glenelg (S),141.605949,-38.345232,26
Catholic,2,548,Saint Ignatius College Geelong,Secondary,27 Peninsula Drive,DRYSDALE,VIC,3222,Greater Geelong (C),144.5578975,-38.18870264,30
Independent,2,554,Presbyterian Ladies' College,Pri/Sec,141 Burwood Highway,BURWOOD,VIC,3125,Whitehorse (C),145.107002,-37.848559,35
Catholic,2,576,Catholic Ladies' College Ltd,Secondary,19 Diamond Street,ELTHAM,VIC,3095,Nillumbik (S),145.143563,-37.711525,31
Catholic,2,595,St Joseph's College - Echuca,Secondary,21 Dickson Street,ECHUCA,VIC,3564,Campaspe (S),144.743369,-36.118153,29
Catholic,2,605,St Aloysius College,Secondary,31 Curran Street,NORTH MELBOURNE,VIC,3051,Melbourne (C),144.942875,-37.792892,31
Catholic,2,625,Catholic College Sale,Secondary,51-53 Desailly Street,SALE,VIC,3850,Wellington (S),147.063779,-38.108707,29
Catholic,2,646,St Augustine's College,Pri/Sec,Church Street,KYABRAM,VIC,3620,Campaspe (S),145.044713,-36.30955,30
Catholic,2,690,Mercy Regional College,Secondary,Henderson Street,CAMPERDOWN,VIC,3260,Corangamite (S),143.139564,-38.235001,25
Catholic,2,707,St Columba's College,Secondary,2 Leslie Road,ESSENDON,VIC,3040,Moonee Valley (C),144.91429,-37.757202,32
Catholic,2,733,Genazzano FCJ College,Pri/Sec,301 Cotham Road,KEW,VIC,3101,Boroondara (C),145.055783,-37.808973,33
Independent,2,818,St Michael's Grammar School,Pri/Sec,25 - 27 Chapel Street,ST KILDA,VIC,3182,Port Phillip (C),144.991548,-37.859549,33
Independent,2,879,Firbank Grammar School,Pri/Sec,51 Outer Crescent,BRIGHTON,VIC,3186,Bayside (C),144.996936,-37.906118,34
Catholic,2,914,Our Lady of Mercy College,Secondary,52 Cape Street,HEIDELBERG,VIC,3084,Banyule (C),145.067586,-37.75793,32
Independent,2,928,Ballarat Grammar,Pri/Sec,201 Forest Street,WENDOUREE,VIC,3355,Ballarat (C),143.83083,-37.539237,31
Catholic,2,956,De La Salle College,Pri/Sec,1318 High Street,MALVERN,VIC,3144,Stonnington (C),145.032183,-37.857677,29
Independent,2,971,The Hamilton and Alexandra College,Pri/Sec,1 Chaucer Street,HAMILTON,VIC,3300,Southern Grampians (S),142.024214,-37.737198,31
Independent,2,1004,Ivanhoe Grammar School - Ivanhoe,Pri/Sec,The Ridgeway,IVANHOE,VIC,3079,Banyule (C),145.044477,-37.772515,32
Independent,2,1021,Scotch College,Pri/Sec,1 Morrison Street,HAWTHORN,VIC,3122,Boroondara (C),145.032288,-37.833922,35
Independent,2,1025,St Leonard's College,Pri/Sec,163 South Rd,BRIGHTON EAST,VIC,3187,Bayside (C),145.007554,-37.928631,34
Independent,2,1080,Tintern Grammar,Pri/Sec,90 Alexandra Road,RINGWOOD EAST,VIC,3135,Maroondah (C),145.25669,-37.815515,32
Independent,2,1086,Toorak College,Pri/Sec,73 Old Mornington Road,MT ELIZA,VIC,3930,Mornington Peninsula (S),145.093465,-38.172264,35
Independent,2,1116,St Catherine's School,Pri/Sec,17 Heyington Place,TOORAK,VIC,3142,Stonnington (C),145.021269,-37.838296,37
Independent,2,1117,Lowther Hall Anglican Grammar School,Pri/Sec,17 Leslie Road,ESSENDON,VIC,3040,Moonee Valley (C),144.914974,-37.759908,35
Catholic,2,1122,St Brigid's College,Secondary,97 Robinson Street,HORSHAM,VIC,3400,Horsham (RC),142.207946,-36.717313,26
Independent,2,1144,Penleigh & Essendon Grammar School,Pri/Sec,163 Rachelle Road,KEILOR EAST,VIC,3033,Moonee Valley (C),144.870337,-37.732154,34
Independent,2,1163,Shelford Girls' Grammar,Pri/Sec,3 Hood Crescent,CAULFIELD,VIC,3161,Glen Eira (C),145.011318,-37.877908,36
Independent,2,1183,Mentone Grammar School,Pri/Sec,63 Venice Street,MENTONE,VIC,3194,Kingston (C),145.068124,-37.987688,34
Independent,2,1187,Ivanhoe Girls' Grammar School,Pri/Sec,123 Marshall St,IVANHOE,VIC,3079,Banyule (C),145.046721,-37.765273,34
Independent,2,1189,Carey Baptist Grammar School,Pri/Sec,349 Barkers Road,KEW,VIC,3101,Boroondara (C),145.047817,-37.814784,33
Independent,2,1190,Kilvington Grammar School,Pri/Sec,2 Leila Road,ORMOND,VIC,3204,Glen Eira (C),145.041216,-37.899519,34
Independent,2,1191,Haileybury College,Pri/Sec,855 Springvale Rd,KEYSBOROUGH,VIC,3173,Greater Dandenong (C),145.14643,-37.995979,36
Independent,2,1209,Strathcona Baptist Girls' Grammar,Pri/Sec,34 Scott Street,CANTERBURY,VIC,3126,Boroondara (C),145.080366,-37.829176,36
Independent,2,1213,Mentone Girls' Grammar School,Pri/Sec,11 Mentone Parade,MENTONE,VIC,3194,Kingston (C),145.063465,-37.989375,35
Independent,2,1218,Gippsland Grammar,Pri/Sec,417 York Street,SALE,VIC,3850,Wellington (S),147.064627,-38.093651,30
Catholic,2,1226,Loreto Mandeville Hall,Pri/Sec,10 Mandeville Crescent,TOORAK,VIC,3142,Stonnington (C),145.014892,-37.848193,35
Independent,2,1258,Camberwell Grammar School,Pri/Sec,55 Mont Albert Road,CANTERBURY,VIC,3126,Boroondara (C),145.066407,-37.816093,34
Independent,2,1262,Brighton Grammar School,Pri/Sec,90 Outer Crescent,BRIGHTON,VIC,3186,Bayside (C),144.993524,-37.911108,35
Independent,2,1267,Huntingtower School,Pri/Sec,77 Waimarie Drive,MT WAVERLEY,VIC,3149,Monash (C),145.136288,-37.876741,36
Catholic,2,1287,Our Lady of Sion College,Secondary,1065 Whitehorse Road,BOX HILL,VIC,3128,Whitehorse (C),145.129918,-37.818348,33
Catholic,2,1299,Salesian College Sunbury,Secondary,"Rupertswood, 1 Macedon Street",SUNBURY,VIC,3429,Hume (C),144.73903,-37.572644,28
Independent,2,1304,Kingswood College,Pri/Sec,355 Station Street,BOX HILL,VIC,3128,Whitehorse (C),145.118628,-37.832777,32
Independent,2,1316,St Margaret's School,Pri/Sec,27-47 Gloucester Ave,BERWICK,VIC,3806,Casey (C),145.346545,-38.035346,34
Independent,2,1322,Camberwell Girls Grammar School,Pri/Sec,2 Torrington Street,CANTERBURY,VIC,3126,Boroondara (C),145.059705,-37.818211,35
Catholic,2,1386,Santa Maria College,Secondary,50 Separation Street,NORTHCOTE,VIC,3070,Darebin (C),145.00248,-37.770356,30
Catholic,2,1415,St Kevin's College,Pri/Sec,31 Moonga Road,TOORAK,VIC,3142,Stonnington (C),145.0246967,-37.8353971,35
Catholic,2,1425,St Joseph's College Geelong,Secondary,135 Aphrasia Street,NEWTOWN,VIC,3220,Greater Geelong (C),144.331863,-38.150205,30
Catholic,2,1431,St Bede's College,Secondary,2 Mentone Parade,MENTONE,VIC,3194,Kingston (C),145.068214,-37.991161,29
Catholic,2,1445,Siena College Ltd,Secondary,815 Riversdale Road,CAMBERWELL,VIC,3124,Boroondara (C),145.082575,-37.833662,34
Catholic,2,1471,St Bernard's College,Secondary,41 Rosehill Road,ESSENDON,VIC,3040,Moonee Valley (C),144.8832,-37.749392,31
Catholic,2,1473,Whitefriars College Inc,Secondary,156 Park Road,DONVALE,VIC,3111,Manningham (C),145.199541,-37.7918,31
Catholic,2,1481,Our Lady of the Sacred Heart College,Secondary,111 Jasper Road,BENTLEIGH,VIC,3204,Glen Eira (C),145.039942,-37.925723,31
Catholic,2,1485,Salesian College,Secondary,10 Bosco Street,CHADSTONE,VIC,3148,Monash (C),145.100257,-37.882735,31
Independent,2,1490,Mount Scopus Memorial College,Pri/Sec,245 Burwood Highway,BURWOOD,VIC,3125,Whitehorse (C),145.117774,-37.847216,37
Catholic,2,1495,Marcellin College,Secondary,160 Bulleen Road,BULLEEN,VIC,3105,Manningham (C),145.082675,-37.774782,30
Catholic,2,1497,Marist-Sion College,Secondary,165 Burke Street,WARRAGUL,VIC,3820,Baw Baw (S),145.915266,-38.159029,29
Independent,2,1511,Heritage College,Pri/Sec,333 Centre Road,NARRE WARREN SOUTH,VIC,3805,Casey (C),145.316519,-38.050215,26
Catholic,2,1528,Monivae College,Secondary,133 Ballarat Road,HAMILTON,VIC,3300,Southern Grampians (S),142.0494536,-37.74203709,28
Independent,2,1533,Yeshivah College,Pri/Sec,88 Hotham Street,ST KILDA EAST,VIC,3183,Glen Eira (C),145.000341,-37.868122,36
Catholic,2,1547,Killester College,Secondary,433 Springvale Road,SPRINGVALE,VIC,3171,Greater Dandenong (C),145.152017,-37.959071,29
Catholic,2,1551,Clonard College,Secondary,225 Church Street,HERNE HILL,VIC,3218,Greater Geelong (C),144.330481,-38.130078,29
Independent,2,1561,Beth Rivkah Ladies College,Pri/Sec,14-20 Balaclava Road,ST KILDA EAST,VIC,3183,Glen Eira (C),145.000835,-37.869281,34
Catholic,2,1571,Sacred Heart Girls' College,Secondary,113 Warrigal Road,HUGHESDALE,VIC,3166,Monash (C),145.086083,-37.902163,32
Catholic,2,1588,St John's Regional College,Secondary,5-11 Caroline Street,DANDENONG,VIC,3175,Greater Dandenong (C),145.226256,-37.990229,25
Catholic,2,1589,Nagle College,Secondary,20 Hope Avenue,BAIRNSDALE,VIC,3875,East Gippsland (S),147.587656,-37.837096,28
Catholic,2,1592,Emmaus College,Secondary,503 Springvale Road,VERMONT SOUTH,VIC,3133,Whitehorse (C),145.174107,-37.84779,30
Catholic,2,1605,St Mary of the Angels College,Secondary,Chapel Street,NATHALIA,VIC,3638,Moira (S),145.208748,-36.057656,29
Catholic,2,1608,Aquinas College,Secondary,46 Great Ryrie Street,RINGWOOD,VIC,3134,Maroondah (C),145.234935,-37.823058,30
Independent,2,1609,Leibler Yavneh College,Pri/Sec,2 Nagle Avenue,ELSTERNWICK,VIC,3185,Glen Eira (C),145.006626,-37.892871,34
Independent,2,1610,Peninsula Grammar,Pri/Sec,20 Wooralla Drive,MT ELIZA,VIC,3930,Mornington Peninsula (S),145.090692,-38.198174,32
Catholic,2,1625,Ave Maria College,Secondary,14-22 Vida Street,ABERFELDIE,VIC,3040,Moonee Valley (C),144.897964,-37.756618,30
Independent,2,1626,Bialik College,Pri/Sec,429 Auburn Road,HAWTHORN EAST,VIC,3122,Boroondara (C),145.043371,-37.842269,37
Independent,2,1633,Luther College,Secondary,Plymouth Rd,CROYDON HILLS,VIC,3136,Maroondah (C),145.272909,-37.782963,32
Catholic,2,1634,Marian College Sunshine,Secondary,196 Glengala Road,SUNSHINE WEST,VIC,3020,Brimbank (C),144.806129,-37.787731,28
Catholic,2,1635,Mount St Joseph Girls' College,Secondary,133 Maidstone Street,ALTONA,VIC,3018,Hobsons Bay (C),144.811674,-37.863902,30
Catholic,2,1644,Mater Christi College,Secondary,28 Bayview Road,BELGRAVE,VIC,3160,Yarra Ranges (S),145.3588871,-37.9106377,31
Catholic,2,1646,St Joseph's College - Ferntree Gully,Secondary,5 Brenock Park Drive,FERNTREE GULLY,VIC,3156,Knox (C),145.295093,-37.89049,30
Catholic,2,1651,Avila College,Secondary,35 Charles Street,MOUNT WAVERLEY,VIC,3149,Monash (C),145.133255,-37.874671,31
Catholic,2,1654,Emmanuel College - Altona North,Secondary,423 Blackshaws Road,ALTONA NORTH,VIC,3025,Hobsons Bay (C),144.842389,-37.831623,28
Catholic,2,1657,St Monica's College,Secondary,400 Dalton Road,EPPING,VIC,3076,Whittlesea (C),145.031414,-37.655184,29
Independent,2,1658,Yarra Valley Grammar,Pri/Sec,Kalinda Road,RINGWOOD,VIC,3134,Maroondah (C),145.258164,-37.783701,35
Catholic,2,1661,Mercy College,Secondary,760 Sydney Road,COBURG,VIC,3058,Moreland (C),144.964562,-37.730398,29
Catholic,2,1670,John Paul College,Secondary,165 Mc Mahons Road,FRANKSTON,VIC,3199,Frankston (C),145.138867,-38.13557,28
Catholic,2,1673,Mazenod College,Secondary,Kernot Ave,MULGRAVE,VIC,3170,Monash (C),145.166144,-37.915204,32
Independent,2,1679,Maranatha Christian School,Pri/Sec,104-108 Reema Boulevard,ENDEAVOUR HILLS,VIC,3802,Casey (C),145.278034,-37.970919,31
Catholic,2,1684,MacKillop Catholic Regional College,Secondary,1 Russell Street,WERRIBEE,VIC,3030,Wyndham (C),144.6651016,-37.90950211,31
Catholic,2,1694,Marian College Myrtleford,Secondary,11-49 Prince Street,MYRTLEFORD,VIC,3737,Alpine (S),146.72536,-36.55334,28
Independent,2,1701,Mount Evelyn Christian School/Ranges TEC,Pri/Sec,135 York Road,MOUNT EVELYN,VIC,3796,Yarra Ranges (S),145.3670969,-37.79883442,29
Independent,2,1706,Melbourne Rudolf Steiner School,Pri/Sec,213 Wonga Road,WARRANWOOD,VIC,3134,Maroondah (C),145.248811,-37.777221,31
Independent,2,1712,Nunawading Christian College-Secondary,Secondary,161 Central Rd,NUNAWADING,VIC,3131,Whitehorse (C),145.1690183,-37.82254717,32
Independent,2,1714,Eltham College,Pri/Sec,1660 Main Road,RESEARCH,VIC,3095,Nillumbik (S),145.192232,-37.70044311,33
Independent,2,1724,Donvale Christian College,Pri/Sec,155 Tindals Road,DONVALE,VIC,3111,Manningham (C),145.193451,-37.774028,32
Independent,2,1734,Braemar College,Pri/Sec,1499 Mt Macedon Rd,WOODEND,VIC,3442,Macedon Ranges (S),144.5759811,-37.36382882,31
Independent,2,1742,Gilson College - Taylors Hill,Pri/Sec,450 Taylors Road,TAYLORS HILL,VIC,3037,Melton (C),144.763149,-37.724602,28
Catholic,2,1744,Galen Catholic College,Secondary,College Street,WANGARATTA,VIC,3677,Wangaratta (RC),146.310537,-36.338747,29
Catholic,2,1766,St Francis Xavier College,Secondary,4 Beaconsfield Avenue,BEACONSFIELD,VIC,3807,Cardinia (S),145.373106,-38.052002,29
Independent,2,1767,Holy Trinity Lutheran College,Pri/Sec,Trinity Drive,HORSHAM,VIC,3400,Horsham (RC),142.217749,-36.708181,31
Independent,2,1771,Waverley Christian College - Wantirna South,Pri/Sec,1248 High Street Road,WANTIRNA SOUTH,VIC,3152,Knox (C),145.215299,-37.880135,35
Independent,2,1773,The King David School,Pri/Sec,517-519 Orrong Road,ARMADALE,VIC,3143,Stonnington (C),145.010495,-37.858226,36
Independent,2,1775,Westbourne Grammar School,Pri/Sec,300 Sayers Rd,TRUGANINA,VIC,3029,Wyndham (C),144.724898,-37.850843,33
Independent,2,1787,Northside Christian College,Pri/Sec,31 McLeans Rd,BUNDOORA,VIC,3083,Whittlesea (C),145.0546707,-37.69501422,31
Independent,2,1792,Oxley Christian College,Pri/Sec,15 - 49 Old Melbourne Rd,CHIRNSIDE PARK,VIC,3116,Yarra Ranges (S),145.30513,-37.763573,31
Independent,2,1794,Covenant College,Pri/Sec,105 Creamery Road,BELL POST HILL,VIC,3215,Greater Geelong (C),144.317997,-38.09719,28
Independent,2,1795,Mountain District Christian School,Pri/Sec,325 Macclesfield Road,MONBULK,VIC,3793,Yarra Ranges (S),145.4527149,-37.85664819,29
Catholic,2,1800,Catholic College Wodonga,Secondary,1 Bowman Court,WODONGA,VIC,3690,Wodonga (C),146.8623901,-36.12961895,29
Catholic,2,1801,Caroline Chisholm Catholic College,Secondary,204 Churchill Avenue,BRAYBROOK,VIC,3019,Maribyrnong (C),144.8501,-37.785858,29
Catholic,2,1810,Loyola College,Secondary,325 Grimshaw Street,WATSONIA,VIC,3087,Banyule (C),145.08073,-37.703396,30
Catholic,2,1811,Catholic Regional College - Melton West,Secondary,109-141 Bulman's Road,MELTON,VIC,3337,Melton (C),144.550411,-37.677246,28
Independent,2,1812,Newhaven College,Pri/Sec,1770 Phillip Island Road,RHYLL,VIC,3923,Bass Coast (S),145.272323,-38.488343,27
Independent,2,1816,Billanook College,Pri/Sec,197-199 Cardigan Road,MOOROOLBARK,VIC,3138,Yarra Ranges (S),145.3388701,-37.78785168,31
Independent,2,1825,Good Shepherd College,Pri/Sec,297 Mount Napier Road,HAMILTON,VIC,3300,Southern Grampians (S),142.041488,-37.770832,27
Independent,2,1826,Plenty Valley Christian College,Pri/Sec,840 Yan Yean Road,DOREEN,VIC,3754,Nillumbik (S),145.138791,-37.613463,31
Catholic,2,1834,Catholic Regional College Institute of Training,Secondary,380 Sydenham Road,SYDENHAM,VIC,3037,Brimbank (C),144.771012,-37.699136,28
Independent,2,1837,Bayside Christian College,Pri/Sec,120-128 Robinsons Road,LANGWARRIN SOUTH,VIC,3911,Frankston (C),145.16302,-38.178632,30
Independent,2,1840,Goulburn Valley Grammar School,Pri/Sec,455 Verney Road,SHEPPARTON,VIC,3630,Greater Shepparton (C),145.415577,-36.327476,34
Independent,2,1841,The Knox School,Pri/Sec,220 Burwood Highway,WANTIRNA SOUTH,VIC,3152,Knox (C),145.219198,-37.865467,32
Independent,2,1846,Heathdale Christian College,Pri/Sec,175 Derrimut Rd,WERRIBEE,VIC,3030,Wyndham (C),144.681332,-37.881318,30
Independent,2,1848,Hillcrest Christian College,Pri/Sec,500 Soldiers Road,CLYDE NORTH,VIC,3978,Casey (C),145.363801,-38.084681,30
Independent,2,1849,St Paul's Anglican Grammar School,Pri/Sec,150 Bowen Street,WARRAGUL,VIC,3820,Baw Baw (S),145.930417,-38.147811,32
Independent,2,1855,Beaconhills College - Pakenham,Pri/Sec,30-34 Toomuc Valley Road,PAKENHAM,VIC,3810,Cardinia (S),145.467319,-38.061898,30
Independent,2,1864,Belgrave Heights Christian School,Pri/Sec,20 Wattle Valley Road,BELGRAVE HEIGHTS,VIC,3160,Yarra Ranges (S),145.3462292,-37.91890282,31
Independent,2,1866,Oakleigh Grammar,Pri/Sec,77 Willesden Road,OAKLEIGH,VIC,3166,Monash (C),145.082819,-37.895907,31
Independent,2,1869,Kerang Christian College,Pri/Sec,98 Wyndham Street,KERANG,VIC,3579,Gannawarra (S),143.913416,-35.730422,33
Independent,2,1871,St Andrews Christian College,Pri/Sec,130 Tyner Road,WANTIRNA SOUTH,VIC,3152,Knox (C),145.244636,-37.873866,33
Independent,2,1872,Chairo Christian School - Drouin,Pri/Sec,76 Balfour Road,DROUIN,VIC,3818,Baw Baw (S),145.877116,-38.142837,27
Independent,2,1874,Australian International Academy of Education,Pri/Sec,653 Sydney Road,COBURG,VIC,3058,Moreland (C),144.966123,-37.736331,23
Independent,2,1876,Flinders Christian Community College - Tyabb,Pri/Sec,155 Mornington - Tyabb Road,TYABB,VIC,3913,Mornington Peninsula (S),145.167984,-38.262117,29
Independent,2,1894,Melton Christian College,Pri/Sec,152-156 Brooklyn Road,MELTON SOUTH,VIC,3338,Melton (C),144.560281,-37.700276,26
Catholic,2,1899,Nazareth College,Secondary,Manning Drive,NOBLE PARK NORTH,VIC,3174,Greater Dandenong (C),145.195459,-37.940226,28
Catholic,2,1903,Mary MacKillop Catholic Regional College,Secondary,115 Horn Street,LEONGATHA,VIC,3953,South Gippsland (S),145.963538,-38.466733,30
Independent,2,1904,King's College,Pri/Sec,44 Balmoral Road,WARRNAMBOOL,VIC,3280,Warrnambool (C),142.506174,-38.362113,29
Independent,2,1906,Al-Taqwa College,Pri/Sec,201 Sayers Road,TRUGANINA,VIC,3029,Wyndham (C),144.722023,-37.85265,30
Independent,2,1908,Overnewton Anglican Community College,Pri/Sec,2-50 Overnewton Road,KEILOR,VIC,3036,Brimbank (C),144.82318,-37.706557,30
Catholic,2,1917,St Mary MacKillop College,Secondary,53 McCrae Street,SWAN HILL,VIC,3585,Swan Hill (RC),143.556795,-35.341915,29
Independent,2,1919,Bacchus Marsh Grammar,Pri/Sec,34 South Maddingley Road,BACCHUS MARSH,VIC,3340,Moorabool (S),144.4315941,-37.69026649,31
Catholic,2,1920,St Peter's College,Secondary,Cranbourne-Frankston Road,CLYDE NORTH,VIC,3978,Casey (C),145.256866,-38.108411,27
Independent,2,1923,Lighthouse Christian College - Keysborough,Pri/Sec,927 Springvale Road,KEYSBOROUGH,VIC,3173,Greater Dandenong (C),145.143501,-38.001204,32
Independent,2,1924,Alphington Grammar School,Pri/Sec,12 - 18 Old Heidelberg Road,ALPHINGTON,VIC,3078,Yarra (C),145.036174,-37.780429,32
Independent,2,1934,St Mary's Coptic Orthodox College,Pri/Sec,19-35 Thorpdale Avenue,COOLAROO,VIC,3048,Hume (C),144.931212,-37.65583,27
Independent,2,1936,Minaret College - Springvale,Pri/Sec,36-38 Lewis Street,SPRINGVALE,VIC,3171,Greater Dandenong (C),145.148625,-37.93904,27
Independent,2,1937,Victory Lutheran College,Pri/Sec,28 Drage Road,WODONGA,VIC,3690,Wodonga (C),146.8452849,-36.11673443,29
Independent,2,1939,Girton Grammar School,Pri/Sec,105 MacKenzie Street,BENDIGO,VIC,3550,Greater Bendigo (C),144.270883,-36.761969,32
Independent,2,1942,Casey Grammar School,Pri/Sec,3 New Holland Drive,CRANBOURNE EAST,VIC,3977,Casey (C),145.2928988,-38.11029539,29
Independent,2,1946,Victory Christian College,Pri/Sec,6 Kairn Road,STRATHDALE,VIC,3550,Greater Bendigo (C),144.313456,-36.782625,29
Independent,2,1947,Ilim College,Pri/Sec,30 Inverloch Crescent,BROADMEADOWS,VIC,3047,Hume (C),144.930072,-37.668621,28
Catholic,2,1949,Penola Catholic College,Secondary,29 GIbson Street,BROADMEADOWS,VIC,3047,Hume (C),144.918263,-37.687856,27
Independent,2,1953,Kardinia International College,Pri/Sec,29-31 Kardinia Drive,BELL POST HILL,VIC,3215,Greater Geelong (C),144.327997,-38.109881,32
Independent,2,1957,Good News Lutheran College,Pri/Sec,580 Tarneit Road,TARNEIT,VIC,3029,Wyndham (C),144.666605,-37.855248,29
Independent,2,1958,Sirius College - Eastmeadows,Pri/Sec,Goulburn Street,BROADMEADOWS,VIC,3047,Hume (C),144.9356383,-37.68471741,29
Independent,2,1960,Red Rock Christian College,Pri/Sec,340 Settlement Road,SUNBURY,VIC,3429,Hume (C),144.706022,-37.519099,29
Catholic,2,1962,Thomas Carr College,Secondary,35 Thomas Carr Drive,TARNEIT,VIC,3029,Wyndham (C),144.702055,-37.847676,25
Independent,2,1964,Shepparton Christian College Ltd,Pri/Sec,155 Verney Road,SHEPPARTON,VIC,3630,Greater Shepparton (C),145.415979,-36.353866,29
Independent,2,1965,Darul Ulum College of Victoria,Pri/Sec,17 Baird Street,FAWKNER NORTH,VIC,3060,Moreland (C),144.971692,-37.705178,32
Independent,2,1966,St Thomas Aquinas College,Pri/Sec,1 Tynong Road,TYNONG,VIC,3813,Cardinia (S),145.6236872,-38.08322193,26
Independent,2,1972,East Preston Islamic College,Pri/Sec,55 Tyler Street,EAST PRESTON,VIC,3072,Darebin (C),145.0362184,-37.73395414,21
Independent,2,1978,Aitken College,Pri/Sec,1010 Mickleham Road,GREENVALE,VIC,3059,Hume (C),144.890698,-37.627709,28
Independent,2,1981,Alia College,Secondary,405 Tooronga Road,HAWTHORN EAST,VIC,3123,Boroondara (C),145.045173,-37.843225,25
Independent,2,1985,Christian College Institute of Senior Education,Secondary,135 Pigdons Road,WAURN PONDS,VIC,3216,Greater Geelong (C),144.3036678,-38.18767923,30
Independent,2,1990,Mt Hira College,Pri/Sec,185 Perry Road,KEYSBOROUGH,VIC,3173,Greater Dandenong (C),145.175471,-38.013991,29
Independent,2,2000,Geelong Baptist College,Pri/Sec,590 Anakie Road,LOVELY BANKS,VIC,3221,Greater Geelong (C),144.330286,-38.067137,26
Catholic,2,2001,Lavalla Catholic College,Secondary,Kosciusko Street,TRARALGON,VIC,3844,Latrobe (C),146.514247,-38.200895,28
Independent,2,2009,Haileybury Girls College,Pri/Sec,855 Springvale Road,KEYSBOROUGH,VIC,3173,Greater Dandenong (C),145.1447668,-37.99554667,36
Catholic,2,2010,Antonine College,Pri/Sec,71 Grandview Avenue,PASCOE VALE SOUTH,VIC,3044,Moreland (C),144.9427365,-37.74119138,25
Independent,2,2016,Ozford College,Secondary,"Levels 7 & 9, 310 King Street",MELBOURNE,VIC,3000,Melbourne (C),144.954425,-37.812887,22
Independent,2,2024,Holmes Secondary College,Secondary,185 Spring Street,MELBOURNE,VIC,3000,Melbourne (C),144.972271,-37.810302,26
Catholic,2,2032,Marymede Catholic College,Pri/Sec,60 Williamsons Road,SOUTH MORANG,VIC,3752,Whittlesea (C),145.091027,-37.643315,30
Independent,2,2035,Lakeside Lutheran College,Pri/Sec,2 Portobello Road,PAKENHAM,VIC,3810,Cardinia (S),145.4559279,-38.06492414,25
Independent,2,2043,Balcombe Grammar School,Pri/Sec,389 Nepean Hwy,MT MARTHA,VIC,3934,Mornington Peninsula (S),145.0326885,-38.27325431,32
Independent,2,2045,Ballarat Christian College,Pri/Sec,Yarrowee & Vickers Streets,SEBASTOPOL,VIC,3356,Ballarat (C),143.8438075,-37.59292494,25
Catholic,2,2051,Kolbe Catholic College,Secondary,Lysterfield Drive,GREENVALE LAKES,VIC,3059,Hume (C),144.909467,-37.615321,25
Independent,2,2052,Hume Anglican Grammar,Pri/Sec,100 Mount Ridley Road,MICKLEHAM,VIC,3064,Hume (C),144.931253,-37.56798,31
Independent,2,2054,Lighthouse Christian College - Cranbourne,Pri/Sec,1785 South Gippsland Hwy,CRANBOURNE,VIC,3977,Casey (C),145.3073,-38.14,30
Independent,2,2056,Geelong Lutheran College,Pri/Sec,2 - 38 Burvilles Road,ARMSTRONG CREEK,VIC,3217,Greater Geelong (C),144.337067,-38.230458,30
Independent,2,2061,Al Siraat College,Pri/Sec,45 Harvest Home Road,EPPING,VIC,3076,Whittlesea (C),145.0375337,-37.62426056,32
Independent,2,2064,Woodleigh School,Pri/Sec,485 Golf Links Road,LANGWARRIN SOUTH,VIC,3911,Frankston (C),145.174648,-38.1926,30
Independent,2,2072,Melbourne Grammar School,Pri/Sec,355 St Kilda Road,MELBOURNE,VIC,3004,Melbourne (C),144.9770931,-37.83359283,35
Independent,2,2073,Islamic College of Melbourne,Pri/Sec,83 Wootten Road,TARNEIT,VIC,3029,Wyndham (C),144.660376,-37.854236,30
Independent,2,2074,Southern Cross Grammar,Pri/Sec,2-20 Lancefield Drive,CAROLINE SPRINGS,VIC,3023,Melton (C),144.7396024,-37.71396413,31
Independent,2,2076,Cornish College,Pri/Sec,65 Riverend Road,BANGHOLME,VIC,3175,Greater Dandenong (C),145.148761,-38.049197,31
Independent,2,2080,Glenroy Private,Pri/Sec,93 Daley Street,GLENROY,VIC,3046,Moreland (C),144.9292633,-37.69777468,20
Independent,2,2081,Cathedral College Wangaratta,Pri/Sec,344 Wangaratta-Whitfield Road,WANGARATTA,VIC,3676,Wangaratta (RC),146.329913,-36.385946,29
Independent,2,2097,Cobram Anglican Grammar School,Pri/Sec,40-48 Campbell Road,COBRAM,VIC,3644,Moira (S),145.660055,-35.924283,26
Catholic,2,2098,Marist College Bendigo,Pri/Sec,95 Golf Links Road,MAIDEN GULLY,VIC,3551,Greater Bendigo (C),144.2216905,-36.73171249,29
Independent,2,2099,Heatherton Christian College,Pri/Sec,316-322 Kingston Road,CLARINDA,VIC,3169,Kingston (C),145.111361,-37.95784,28
Independent,2,2101,Alice Miller School,Pri/Sec,110 Bailey Road,MACEDON,VIC,3440,Macedon Ranges (S),144.5331946,-37.44570261,31
Independent,2,2103,Al Iman College,Pri/Sec,20-40 Rees Road,MELTON SOUTH,VIC,3338,Melton (C),144.5654845,-37.7071174,25
Independent,2,2104,Edinburgh College,Pri/Sec,33-61 Edinburgh Road,LILYDALE,VIC,3140,Yarra Ranges (S),145.351985,-37.78489,28
Government,1,8246,Homestead Senior Secondary College,Secondary,9 Coaching Parade,Point Cook,VIC,3030,Wyndham (C),144.76858,-37.91573,28
Government,1,8736,Bass Coast College,Secondary,2 McKenzie Street,Wonthaggi,VIC,3995,Bass Coast (S),145.59788,-38.61094,27
